ctime,datname,pid,usesysid,usename,application_name,client_addr,client_port,backend_start,xact_start,query_start,waiting,query,state,state_change
1430496918.34064,dbt2,20681,10,mark,dbt2-client,,-1,2015-05-01 17:15:17.125895+01,,2015-05-01 17:15:18.328175+01,f,COMMIT,idle,2015-05-01 17:15:18.330053+01
1430496918.34064,dbt2,20685,10,mark,dbt2-client,,-1,2015-05-01 17:15:17.225853+01,,2015-05-01 17:15:18.330125+01,f,COMMIT,idle,2015-05-01 17:15:18.331042+01
1430496918.34064,dbt2,20687,10,mark,dbt2-client,,-1,2015-05-01 17:15:17.325992+01,,2015-05-01 17:15:18.331091+01,f,COMMIT,idle,2015-05-01 17:15:18.33347+01
1430496918.34064,dbt2,20690,10,mark,dbt2-client,,-1,2015-05-01 17:15:17.426121+01,,2015-05-01 17:15:18.332147+01,f,COMMIT,idle,2015-05-01 17:15:18.337016+01
1430496918.34064,dbt2,20692,10,mark,dbt2-client,,-1,2015-05-01 17:15:17.526251+01,,2015-05-01 17:15:18.337062+01,f,COMMIT,idle,2015-05-01 17:15:18.337078+01
1430496918.34064,dbt2,20694,10,mark,dbt2-client,,-1,2015-05-01 17:15:17.62634+01,2015-05-01 17:15:18.337139+01,2015-05-01 17:15:18.337186+01,f,"SELECT payment(1, 4, 0, 1, 4, 'OUGHTABLECALLY', 2589.000000)",idle in transaction,2015-05-01 17:15:18.339657+01
1430496918.34064,dbt2,20696,10,mark,dbt2-client,,-1,2015-05-01 17:15:17.726446+01,2015-05-01 17:15:18.33716+01,2015-05-01 17:15:18.339669+01,f,"SELECT delivery(1, 6)",active,2015-05-01 17:15:18.33967+01
1430496918.34064,dbt2,20698,10,mark,dbt2-client,,-1,2015-05-01 17:15:17.826891+01,,2015-05-01 17:15:18.317867+01,f,COMMIT,idle,2015-05-01 17:15:18.317885+01
1430496918.34064,dbt2,20700,10,mark,dbt2-client,,-1,2015-05-01 17:15:17.927005+01,,2015-05-01 17:15:18.319104+01,f,COMMIT,idle,2015-05-01 17:15:18.32208+01
1430496918.34064,dbt2,20702,10,mark,dbt2-client,,-1,2015-05-01 17:15:18.027123+01,,2015-05-01 17:15:18.325905+01,f,COMMIT,idle,2015-05-01 17:15:18.3281+01
1430496918.34064,dbt2,20821,10,mark,psql,,-1,2015-05-01 17:15:18.338023+01,2015-05-01 17:15:18.34064+01,2015-05-01 17:15:18.34064+01,f,"COPY (SELECT EXTRACT(EPOCH FROM TRANSACTION_TIMESTAMP()) AS ctime, datname, pid, usesysid, usename, application_name, client_addr, client_port, backend_start, xact_start, query_start, waiting, query , state, state_change FROM pg_stat_activity) TO STDOUT (FORMAT CSV, HEADER);",active,2015-05-01 17:15:18.340646+01
1430496918.34064,dbt2,20822,10,mark,psql,,-1,2015-05-01 17:15:18.339322+01,,,f,"",idle,2015-05-01 17:15:18.340517+01
1430496978.35104,dbt2,20681,10,mark,dbt2-client,,-1,2015-05-01 17:15:17.125895+01,,2015-05-01 17:16:18.348942+01,f,COMMIT,idle,2015-05-01 17:16:18.352323+01
1430496978.35104,dbt2,20685,10,mark,dbt2-client,,-1,2015-05-01 17:15:17.225853+01,2015-05-01 17:16:18.340503+01,2015-05-01 17:16:18.340527+01,t,"SELECT payment(1, 5, 0, 1, 5, 'ESEBAROUGHT', 572.990000)",active,2015-05-01 17:16:18.340527+01
1430496978.35104,dbt2,20687,10,mark,dbt2-client,,-1,2015-05-01 17:15:17.325992+01,2015-05-01 17:16:18.346065+01,2015-05-01 17:16:18.349388+01,f,COMMIT,active,2015-05-01 17:16:18.349389+01
1430496978.35104,dbt2,20690,10,mark,dbt2-client,,-1,2015-05-01 17:15:17.426121+01,2015-05-01 17:16:18.340659+01,2015-05-01 17:16:18.34068+01,t,"SELECT payment(1, 4, 0, 1, 2, 'BAROUGHTEING', 764.790000)",active,2015-05-01 17:16:18.34068+01
1430496978.35104,dbt2,20692,10,mark,dbt2-client,,-1,2015-05-01 17:15:17.526251+01,2015-05-01 17:16:18.348904+01,2015-05-01 17:16:18.350803+01,f,COMMIT,active,2015-05-01 17:16:18.350804+01
1430496978.35104,dbt2,20694,10,mark,dbt2-client,,-1,2015-05-01 17:15:17.62634+01,2015-05-01 17:16:18.32937+01,2015-05-01 17:16:18.329398+01,t,"SELECT payment(1, 3, 0, 1, 3, 'OUGHTATIONPRI', 2863.670000)",active,2015-05-01 17:16:18.329398+01
1430496978.35104,dbt2,20696,10,mark,dbt2-client,,-1,2015-05-01 17:15:17.726446+01,2015-05-01 17:16:18.348502+01,2015-05-01 17:16:18.348659+01,f,FETCH ALL IN mycursor,active,2015-05-01 17:16:18.348659+01
1430496978.35104,dbt2,20698,10,mark,dbt2-client,,-1,2015-05-01 17:15:17.826891+01,2015-05-01 17:16:18.32586+01,2015-05-01 17:16:18.325892+01,t,"SELECT payment(1, 1, 512, 1, 1, '', 3092.540000)",active,2015-05-01 17:16:18.325892+01
1430496978.35104,dbt2,20700,10,mark,dbt2-client,,-1,2015-05-01 17:15:17.927005+01,2015-05-01 17:16:18.329975+01,2015-05-01 17:16:18.330025+01,t,"SELECT payment(1, 1, 0, 1, 1, 'ATIONCALLYOUGHT', 4407.430000)",active,2015-05-01 17:16:18.330025+01
1430496978.35104,dbt2,20702,10,mark,dbt2-client,,-1,2015-05-01 17:15:18.027123+01,,2015-05-01 17:16:18.348806+01,f,COMMIT,idle,2015-05-01 17:16:18.350538+01
1430496978.35104,dbt2,20871,10,mark,psql,,-1,2015-05-01 17:16:18.349464+01,2015-05-01 17:16:18.351039+01,2015-05-01 17:16:18.351039+01,f,"COPY (SELECT EXTRACT(EPOCH FROM TRANSACTION_TIMESTAMP()) AS ctime, datname, pid, usesysid, usename, application_name, client_addr, client_port, backend_start, xact_start, query_start, waiting, query , state, state_change FROM pg_stat_activity) TO STDOUT (FORMAT CSV);",active,2015-05-01 17:16:18.351046+01
1430496978.35104,dbt2,20872,10,mark,psql,,-1,2015-05-01 17:16:18.350896+01,,,f,"",idle,2015-05-01 17:16:18.35228+01
1430497038.35748,dbt2,20681,10,mark,dbt2-client,,-1,2015-05-01 17:15:17.125895+01,2015-05-01 17:17:18.348422+01,2015-05-01 17:17:18.348447+01,t,"SELECT payment(1, 2, 0, 1, 2, 'ATIONANTIABLE', 4606.890000)",active,2015-05-01 17:17:18.348447+01
1430497038.35748,dbt2,20685,10,mark,dbt2-client,,-1,2015-05-01 17:15:17.225853+01,2015-05-01 17:17:18.341478+01,2015-05-01 17:17:18.341505+01,t,"SELECT payment(1, 10, 0, 1, 10, 'ESEBARESE', 1843.620000)",active,2015-05-01 17:17:18.341505+01
1430497038.35748,dbt2,20687,10,mark,dbt2-client,,-1,2015-05-01 17:15:17.325992+01,2015-05-01 17:17:18.33063+01,2015-05-01 17:17:18.331201+01,t,"SELECT payment(1, 3, 0, 1, 3, 'PRESEINGPRI', 3543.170000)",active,2015-05-01 17:17:18.331202+01
1430497038.35748,dbt2,20690,10,mark,dbt2-client,,-1,2015-05-01 17:15:17.426121+01,2015-05-01 17:17:18.352211+01,2015-05-01 17:17:18.355398+01,f,COMMIT,active,2015-05-01 17:17:18.355399+01
1430497038.35748,dbt2,20692,10,mark,dbt2-client,,-1,2015-05-01 17:15:17.526251+01,2015-05-01 17:17:18.335273+01,2015-05-01 17:17:18.335416+01,t,"SELECT payment(1, 2, 1440, 1, 2, '', 4060.260000)",active,2015-05-01 17:17:18.335416+01
1430497038.35748,dbt2,20694,10,mark,dbt2-client,,-1,2015-05-01 17:15:17.62634+01,2015-05-01 17:17:18.341208+01,2015-05-01 17:17:18.341258+01,t,"SELECT payment(1, 10, 56, 1, 10, '', 1216.220000)",active,2015-05-01 17:17:18.341259+01
1430497038.35748,dbt2,20696,10,mark,dbt2-client,,-1,2015-05-01 17:15:17.726446+01,2015-05-01 17:17:18.352381+01,2015-05-01 17:17:18.352425+01,t,"SELECT payment(1, 3, 1008, 1, 3, '', 630.600000)",active,2015-05-01 17:17:18.352426+01
1430497038.35748,dbt2,20698,10,mark,dbt2-client,,-1,2015-05-01 17:15:17.826891+01,2015-05-01 17:17:18.352395+01,2015-05-01 17:17:18.352533+01,t,"SELECT payment(1, 10, 1920, 1, 8, '', 791.770000)",active,2015-05-01 17:17:18.352534+01
1430497038.35748,dbt2,20700,10,mark,dbt2-client,,-1,2015-05-01 17:15:17.927005+01,2015-05-01 17:17:18.32608+01,2015-05-01 17:17:18.355314+01,f,COMMIT,active,2015-05-01 17:17:18.355315+01
1430497038.35748,dbt2,20702,10,mark,dbt2-client,,-1,2015-05-01 17:15:18.027123+01,2015-05-01 17:17:18.341511+01,2015-05-01 17:17:18.34154+01,t,"SELECT payment(1, 6, 928, 1, 6, '', 3736.790000)",active,2015-05-01 17:17:18.34154+01
1430497038.35748,dbt2,20898,10,mark,psql,,-1,2015-05-01 17:17:18.345337+01,2015-05-01 17:17:18.354968+01,2015-05-01 17:17:18.354968+01,f,"COPY (SELECT EXTRACT(EPOCH FROM TRANSACTION_TIMESTAMP()) AS ctime, a.schemaname, a.relname, seq_scan, seq_tup_read, idx_scan, idx_tup_fetch, n_tup_ins, n_tup_upd, n_tup_del, n_tup_hot_upd, n_live_tup, n_dead_tup, heap_blks_read, heap_blks_hit, idx_blks_read, idx_blks_hit, toast_blks_read, toast_blks_hit, tidx_blks_read, tidx_blks_hit FROM pg_statio_all_tables a, pg_stat_all_tables b WHERE a.relid = b.relid) TO STDOUT (FORMAT CSV);",active,2015-05-01 17:17:18.354975+01
1430497038.35748,dbt2,20899,10,mark,psql,,-1,2015-05-01 17:17:18.34706+01,2015-05-01 17:17:18.348565+01,2015-05-01 17:17:18.348565+01,f,"COPY (SELECT EXTRACT(EPOCH FROM TRANSACTION_TIMESTAMP()) AS ctime, a.schemaname, a.relname, a.indexrelname, idx_scan, idx_tup_read, idx_tup_fetch, idx_blks_read, idx_blks_hit FROM pg_stat_all_indexes a, pg_statio_all_indexes b WHERE a.indexrelid = b.indexrelid) TO STDOUT (FORMAT CSV);",active,2015-05-01 17:17:18.348573+01
1430497038.35748,dbt2,20902,10,mark,psql,,-1,2015-05-01 17:17:18.350295+01,,2015-05-01 17:17:18.355411+01,f,"COPY (SELECT EXTRACT(EPOCH FROM TRANSACTION_TIMESTAMP()) AS ctime, relname, pid, mode, granted FROM pg_locks, pg_class WHERE relfilenode = relation ORDER BY relname) TO STDOUT (FORMAT CSV);",idle,2015-05-01 17:17:18.357462+01
1430497038.35748,dbt2,20900,10,mark,psql,,-1,2015-05-01 17:17:18.353766+01,2015-05-01 17:17:18.357475+01,2015-05-01 17:17:18.357475+01,f,"COPY (SELECT EXTRACT(EPOCH FROM TRANSACTION_TIMESTAMP()) AS ctime, datname, pid, usesysid, usename, application_name, client_addr, client_port, backend_start, xact_start, query_start, waiting, query , state, state_change FROM pg_stat_activity) TO STDOUT (FORMAT CSV);",active,2015-05-01 17:17:18.357482+01
1430497098.36876,dbt2,20681,10,mark,dbt2-client,,-1,2015-05-01 17:15:17.125895+01,2015-05-01 17:18:18.368783+01,2015-05-01 17:18:18.368806+01,t,"SELECT payment(1, 4, 0, 1, 4, 'BARABLEPRI', 3163.920000)",active,2015-05-01 17:18:18.368807+01
1430497098.36876,dbt2,20685,10,mark,dbt2-client,,-1,2015-05-01 17:15:17.225853+01,2015-05-01 17:18:18.366475+01,2015-05-01 17:18:18.366635+01,t,"SELECT payment(1, 3, 0, 1, 3, 'CALLYESEATION', 72.800000)",active,2015-05-01 17:18:18.366636+01
1430497098.36876,dbt2,20687,10,mark,dbt2-client,,-1,2015-05-01 17:15:17.325992+01,2015-05-01 17:18:18.366496+01,2015-05-01 17:18:18.366523+01,t,"SELECT payment(1, 5, 2046, 1, 5, '', 133.380000)",active,2015-05-01 17:18:18.366523+01
1430497098.36876,dbt2,20690,10,mark,dbt2-client,,-1,2015-05-01 17:15:17.426121+01,2015-05-01 17:18:18.357984+01,2015-05-01 17:18:18.360963+01,t,"SELECT payment(1, 3, 2553, 1, 3, '', 2972.330000)",active,2015-05-01 17:18:18.360964+01
1430497098.36876,dbt2,20692,10,mark,dbt2-client,,-1,2015-05-01 17:15:17.526251+01,2015-05-01 17:18:18.341053+01,2015-05-01 17:18:18.341079+01,f,"SELECT payment(1, 6, 0, 1, 6, 'PRESPRICALLY', 4227.150000)",active,2015-05-01 17:18:18.341079+01
1430497098.36876,dbt2,20694,10,mark,dbt2-client,,-1,2015-05-01 17:15:17.62634+01,2015-05-01 17:18:18.357936+01,2015-05-01 17:18:18.36084+01,t,"SELECT payment(1, 4, 0, 1, 4, 'PRESPRIEING', 1457.070000)",active,2015-05-01 17:18:18.360841+01
1430497098.36876,dbt2,20696,10,mark,dbt2-client,,-1,2015-05-01 17:15:17.726446+01,2015-05-01 17:18:18.343429+01,2015-05-01 17:18:18.343454+01,t,"SELECT payment(1, 4, 2016, 1, 4, '', 276.620000)",active,2015-05-01 17:18:18.343454+01
1430497098.36876,dbt2,20698,10,mark,dbt2-client,,-1,2015-05-01 17:15:17.826891+01,2015-05-01 17:18:18.349252+01,2015-05-01 17:18:18.349277+01,t,"SELECT payment(1, 1, 488, 1, 7, '', 4897.400000)",active,2015-05-01 17:18:18.349277+01
1430497098.36876,dbt2,20700,10,mark,dbt2-client,,-1,2015-05-01 17:15:17.927005+01,2015-05-01 17:18:18.369523+01,2015-05-01 17:18:18.369544+01,t,"SELECT payment(1, 6, 1774, 1, 6, '', 2514.310000)",active,2015-05-01 17:18:18.369545+01
1430497098.36876,dbt2,20702,10,mark,dbt2-client,,-1,2015-05-01 17:15:18.027123+01,,2015-05-01 17:18:18.369466+01,f,COMMIT,idle,2015-05-01 17:18:18.370151+01
1430497098.36876,dbt2,20930,10,mark,psql,,-1,2015-05-01 17:18:18.366885+01,2015-05-01 17:18:18.368762+01,2015-05-01 17:18:18.368762+01,f,"COPY (SELECT EXTRACT(EPOCH FROM TRANSACTION_TIMESTAMP()) AS ctime, datname, pid, usesysid, usename, application_name, client_addr, client_port, backend_start, xact_start, query_start, waiting, query , state, state_change FROM pg_stat_activity) TO STDOUT (FORMAT CSV);",active,2015-05-01 17:18:18.368769+01
1430497158.36557,dbt2,20681,10,mark,dbt2-client,,-1,2015-05-01 17:15:17.125895+01,2015-05-01 17:19:18.330589+01,2015-05-01 17:19:18.330671+01,t,"SELECT payment(1, 7, 0, 1, 7, 'EINGATIONESE', 2574.000000)",active,2015-05-01 17:19:18.330671+01
1430497158.36557,dbt2,20685,10,mark,dbt2-client,,-1,2015-05-01 17:15:17.225853+01,2015-05-01 17:19:18.35449+01,2015-05-01 17:19:18.36637+01,f,COMMIT,active,2015-05-01 17:19:18.36637+01
1430497158.36557,dbt2,20687,10,mark,dbt2-client,,-1,2015-05-01 17:15:17.325992+01,2015-05-01 17:19:18.354861+01,2015-05-01 17:19:18.366246+01,f,COMMIT,active,2015-05-01 17:19:18.366247+01
1430497158.36557,dbt2,20690,10,mark,dbt2-client,,-1,2015-05-01 17:15:17.426121+01,2015-05-01 17:19:18.332666+01,2015-05-01 17:19:18.332686+01,t,"SELECT payment(1, 2, 0, 1, 1, 'ATIONPRIOUGHT', 2471.260000)",active,2015-05-01 17:19:18.332686+01
1430497158.36557,dbt2,20692,10,mark,dbt2-client,,-1,2015-05-01 17:15:17.526251+01,2015-05-01 17:19:18.337944+01,2015-05-01 17:19:18.337965+01,t,"SELECT payment(1, 8, 0, 1, 8, 'CALLYESEEING', 3126.050000)",active,2015-05-01 17:19:18.337965+01
1430497158.36557,dbt2,20694,10,mark,dbt2-client,,-1,2015-05-01 17:15:17.62634+01,2015-05-01 17:19:18.36525+01,2015-05-01 17:19:18.36541+01,t,FETCH ALL IN mycursor,active,2015-05-01 17:19:18.36541+01
1430497158.36557,dbt2,20696,10,mark,dbt2-client,,-1,2015-05-01 17:15:17.726446+01,2015-05-01 17:19:18.350417+01,2015-05-01 17:19:18.350446+01,t,"SELECT payment(1, 10, 0, 1, 10, 'ESEANTIESE', 1925.360000)",active,2015-05-01 17:19:18.350446+01
1430497158.36557,dbt2,20698,10,mark,dbt2-client,,-1,2015-05-01 17:15:17.826891+01,2015-05-01 17:19:18.345109+01,2015-05-01 17:19:18.345137+01,t,"SELECT payment(1, 3, 0, 1, 6, 'ABLEABLEPRI', 4497.580000)",active,2015-05-01 17:19:18.345137+01
1430497158.36557,dbt2,20700,10,mark,dbt2-client,,-1,2015-05-01 17:15:17.927005+01,2015-05-01 17:19:18.319155+01,2015-05-01 17:19:18.319291+01,t,"SELECT payment(1, 9, 0, 1, 9, 'EINGESEOUGHT', 1105.610000)",active,2015-05-01 17:19:18.319292+01
1430497158.36557,dbt2,20702,10,mark,dbt2-client,,-1,2015-05-01 17:15:18.027123+01,2015-05-01 17:19:18.35451+01,2015-05-01 17:19:18.366329+01,f,COMMIT,active,2015-05-01 17:19:18.366329+01
1430497158.36557,dbt2,20956,10,mark,psql,,-1,2015-05-01 17:19:18.352168+01,2015-05-01 17:19:18.359509+01,2015-05-01 17:19:18.359509+01,f,"COPY (SELECT EXTRACT(EPOCH FROM TRANSACTION_TIMESTAMP()) AS ctime, datname, numbackends, xact_commit, xact_rollback, blks_read, blks_hit, tup_returned, tup_fetched, tup_inserted, tup_updated, tup_deleted FROM pg_stat_database) TO STDOUT (FORMAT CSV);",active,2015-05-01 17:19:18.35952+01
1430497158.36557,dbt2,20955,10,mark,psql,,-1,2015-05-01 17:19:18.352943+01,2015-05-01 17:19:18.356831+01,2015-05-01 17:19:18.356831+01,f,"COPY (SELECT EXTRACT(EPOCH FROM TRANSACTION_TIMESTAMP()) AS ctime, a.schemaname, a.relname, a.indexrelname, idx_scan, idx_tup_read, idx_tup_fetch, idx_blks_read, idx_blks_hit FROM pg_stat_all_indexes a, pg_statio_all_indexes b WHERE a.indexrelid = b.indexrelid) TO STDOUT (FORMAT CSV);",active,2015-05-01 17:19:18.356838+01
1430497158.36557,dbt2,20954,10,mark,psql,,-1,2015-05-01 17:19:18.3544+01,2015-05-01 17:19:18.360979+01,2015-05-01 17:19:18.360979+01,f,"COPY (SELECT EXTRACT(EPOCH FROM TRANSACTION_TIMESTAMP()) AS ctime, a.schemaname, a.relname, seq_scan, seq_tup_read, idx_scan, idx_tup_fetch, n_tup_ins, n_tup_upd, n_tup_del, n_tup_hot_upd, n_live_tup, n_dead_tup, heap_blks_read, heap_blks_hit, idx_blks_read, idx_blks_hit, toast_blks_read, toast_blks_hit, tidx_blks_read, tidx_blks_hit FROM pg_statio_all_tables a, pg_stat_all_tables b WHERE a.relid = b.relid) TO STDOUT (FORMAT CSV);",active,2015-05-01 17:19:18.360987+01
1430497158.36557,dbt2,20957,10,mark,psql,,-1,2015-05-01 17:19:18.363849+01,2015-05-01 17:19:18.365574+01,2015-05-01 17:19:18.365574+01,f,"COPY (SELECT EXTRACT(EPOCH FROM TRANSACTION_TIMESTAMP()) AS ctime, datname, pid, usesysid, usename, application_name, client_addr, client_port, backend_start, xact_start, query_start, waiting, query , state, state_change FROM pg_stat_activity) TO STDOUT (FORMAT CSV);",active,2015-05-01 17:19:18.36558+01
1430497218.35979,dbt2,20681,10,mark,dbt2-client,,-1,2015-05-01 17:15:17.125895+01,,2015-05-01 17:20:18.360555+01,f,COMMIT,idle,2015-05-01 17:20:18.361132+01
1430497218.35979,dbt2,20685,10,mark,dbt2-client,,-1,2015-05-01 17:15:17.225853+01,2015-05-01 17:20:18.357225+01,2015-05-01 17:20:18.35789+01,f,FETCH ALL IN mycursor,idle in transaction,2015-05-01 17:20:18.359124+01
1430497218.35979,dbt2,20687,10,mark,dbt2-client,,-1,2015-05-01 17:15:17.325992+01,2015-05-01 17:20:18.357151+01,2015-05-01 17:20:18.359135+01,f,FETCH ALL IN mycursor,idle in transaction,2015-05-01 17:20:18.360473+01
1430497218.35979,dbt2,20690,10,mark,dbt2-client,,-1,2015-05-01 17:15:17.426121+01,2015-05-01 17:20:18.338199+01,2015-05-01 17:20:18.338254+01,t,"SELECT payment(1, 9, 0, 1, 9, 'ATIONEINGPRI', 1100.830000)",active,2015-05-01 17:20:18.338255+01
1430497218.35979,dbt2,20692,10,mark,dbt2-client,,-1,2015-05-01 17:15:17.526251+01,,2015-05-01 17:20:18.360501+01,f,COMMIT,idle,2015-05-01 17:20:18.361119+01
1430497218.35979,dbt2,20694,10,mark,dbt2-client,,-1,2015-05-01 17:15:17.62634+01,2015-05-01 17:20:18.343716+01,2015-05-01 17:20:18.343741+01,t,"SELECT payment(1, 3, 1024, 1, 3, '', 1227.930000)",active,2015-05-01 17:20:18.343741+01
1430497218.35979,dbt2,20696,10,mark,dbt2-client,,-1,2015-05-01 17:15:17.726446+01,2015-05-01 17:20:18.346296+01,2015-05-01 17:20:18.346319+01,t,"SELECT payment(1, 3, 1627, 1, 3, '', 3143.290000)",active,2015-05-01 17:20:18.346319+01
1430497218.35979,dbt2,20698,10,mark,dbt2-client,,-1,2015-05-01 17:15:17.826891+01,2015-05-01 17:20:18.355017+01,2015-05-01 17:20:18.355041+01,t,"SELECT payment(1, 3, 0, 1, 3, 'ESEOUGHTBAR', 3805.980000)",active,2015-05-01 17:20:18.355042+01
1430497218.35979,dbt2,20700,10,mark,dbt2-client,,-1,2015-05-01 17:15:17.927005+01,2015-05-01 17:20:18.336578+01,2015-05-01 17:20:18.336604+01,t,"SELECT payment(1, 9, 0, 1, 9, 'PRIOUGHTOUGHT', 1406.790000)",active,2015-05-01 17:20:18.336605+01
1430497218.35979,dbt2,20702,10,mark,dbt2-client,,-1,2015-05-01 17:15:18.027123+01,2015-05-01 17:20:18.34679+01,2015-05-01 17:20:18.346811+01,f,"SELECT payment(1, 7, 0, 1, 7, 'BAROUGHTOUGHT', 2327.280000)",active,2015-05-01 17:20:18.346811+01
1430497218.35979,dbt2,20985,10,mark,psql,,-1,2015-05-01 17:20:18.358556+01,2015-05-01 17:20:18.35979+01,2015-05-01 17:20:18.35979+01,f,"COPY (SELECT EXTRACT(EPOCH FROM TRANSACTION_TIMESTAMP()) AS ctime, datname, pid, usesysid, usename, application_name, client_addr, client_port, backend_start, xact_start, query_start, waiting, query , state, state_change FROM pg_stat_activity) TO STDOUT (FORMAT CSV);",active,2015-05-01 17:20:18.359795+01
1430497218.35979,dbt2,20983,10,mark,psql,,-1,2015-05-01 17:20:18.355336+01,2015-05-01 17:20:18.36057+01,2015-05-01 17:20:18.36057+01,f,"COPY (SELECT EXTRACT(EPOCH FROM TRANSACTION_TIMESTAMP()) AS ctime, datname, numbackends, xact_commit, xact_rollback, blks_read, blks_hit, tup_returned, tup_fetched, tup_inserted, tup_updated, tup_deleted FROM pg_stat_database) TO STDOUT (FORMAT CSV);",active,2015-05-01 17:20:18.360577+01
1430497278.38818,dbt2,20681,10,mark,dbt2-client,,-1,2015-05-01 17:15:17.125895+01,2015-05-01 17:21:18.388143+01,2015-05-01 17:21:18.38817+01,t,"SELECT payment(1, 1, 0, 1, 8, 'EINGPRIEING', 1663.230000)",active,2015-05-01 17:21:18.38817+01
1430497278.38818,dbt2,20685,10,mark,dbt2-client,,-1,2015-05-01 17:15:17.225853+01,2015-05-01 17:21:18.367177+01,2015-05-01 17:21:18.3672+01,f,"SELECT payment(1, 7, 2720, 1, 10, '', 2304.610000)",active,2015-05-01 17:21:18.3672+01
1430497278.38818,dbt2,20687,10,mark,dbt2-client,,-1,2015-05-01 17:15:17.325992+01,,2015-05-01 17:21:18.389437+01,f,COMMIT,idle,2015-05-01 17:21:18.389997+01
1430497278.38818,dbt2,20690,10,mark,dbt2-client,,-1,2015-05-01 17:15:17.426121+01,2015-05-01 17:21:18.3718+01,2015-05-01 17:21:18.371826+01,t,"SELECT payment(1, 2, 0, 1, 2, 'ESEOUGHTBAR', 1738.520000)",active,2015-05-01 17:21:18.371827+01
1430497278.38818,dbt2,20692,10,mark,dbt2-client,,-1,2015-05-01 17:15:17.526251+01,2015-05-01 17:21:18.388042+01,2015-05-01 17:21:18.388073+01,f,"DECLARE mycursor CURSOR FOR SELECT new_order(1, 5, 1943, 1, 9, make_new_order_info(11188, 1, 2), make_new_order_info(98176, 1, 8), make_new_order_info(96256, 1, 7), make_new_order_info(44924, 1, 10), make_new_order_info(49022, 1, 4), make_new_order_info(97788, 1, 6), make_new_order_info(872, 1, 4), make_new_order_info(57248, 1, 2), make_new_order_info(88793, 1, 10), make_new_order_info(0, 0, 0), make_new_order_info(0, 0, 0), make_new_order_info(0, 0, 0), make_new_order_info(0, 0, 0), make_new_order_info(0, 0, 0), make_new_order_info(0, 0, 0) )",idle in transaction,2015-05-01 17:21:18.388176+01
1430497278.38818,dbt2,20694,10,mark,dbt2-client,,-1,2015-05-01 17:15:17.62634+01,2015-05-01 17:21:18.387837+01,2015-05-01 17:21:18.389541+01,f,COMMIT,active,2015-05-01 17:21:18.389541+01
1430497278.38818,dbt2,20696,10,mark,dbt2-client,,-1,2015-05-01 17:15:17.726446+01,2015-05-01 17:21:18.378309+01,2015-05-01 17:21:18.378339+01,t,"SELECT payment(1, 8, 0, 1, 8, 'ANTIANTIPRI', 1208.710000)",active,2015-05-01 17:21:18.37834+01
1430497278.38818,dbt2,20698,10,mark,dbt2-client,,-1,2015-05-01 17:15:17.826891+01,2015-05-01 17:21:18.387786+01,2015-05-01 17:21:18.387907+01,t,"SELECT payment(1, 1, 0, 1, 1, 'PRESANTICALLY', 484.580000)",active,2015-05-01 17:21:18.387911+01
1430497278.38818,dbt2,20700,10,mark,dbt2-client,,-1,2015-05-01 17:15:17.927005+01,2015-05-01 17:21:18.382234+01,2015-05-01 17:21:18.389552+01,f,COMMIT,active,2015-05-01 17:21:18.389552+01
1430497278.38818,dbt2,20702,10,mark,dbt2-client,,-1,2015-05-01 17:15:18.027123+01,2015-05-01 17:21:18.380194+01,2015-05-01 17:21:18.380218+01,t,"SELECT payment(1, 9, 0, 1, 9, 'ABLEESEESE', 1258.940000)",active,2015-05-01 17:21:18.380219+01
1430497278.38818,dbt2,21013,10,mark,psql,,-1,2015-05-01 17:21:18.386688+01,2015-05-01 17:21:18.388184+01,2015-05-01 17:21:18.388184+01,f,"COPY (SELECT EXTRACT(EPOCH FROM TRANSACTION_TIMESTAMP()) AS ctime, datname, pid, usesysid, usename, application_name, client_addr, client_port, backend_start, xact_start, query_start, waiting, query , state, state_change FROM pg_stat_activity) TO STDOUT (FORMAT CSV);",active,2015-05-01 17:21:18.388191+01
1430497338.3833,dbt2,20681,10,mark,dbt2-client,,-1,2015-05-01 17:15:17.125895+01,2015-05-01 17:22:18.371738+01,2015-05-01 17:22:18.383198+01,f,COMMIT,active,2015-05-01 17:22:18.383198+01
1430497338.3833,dbt2,20685,10,mark,dbt2-client,,-1,2015-05-01 17:15:17.225853+01,2015-05-01 17:22:18.374631+01,2015-05-01 17:22:18.381378+01,f,FETCH ALL IN mycursor,idle in transaction,2015-05-01 17:22:18.383027+01
1430497338.3833,dbt2,20687,10,mark,dbt2-client,,-1,2015-05-01 17:15:17.325992+01,2015-05-01 17:22:18.381357+01,2015-05-01 17:22:18.383065+01,t,"SELECT payment(1, 9, 0, 1, 8, 'EINGEINGOUGHT', 151.730000)",active,2015-05-01 17:22:18.383066+01
1430497338.3833,dbt2,20690,10,mark,dbt2-client,,-1,2015-05-01 17:15:17.426121+01,2015-05-01 17:22:18.366909+01,2015-05-01 17:22:18.383237+01,f,COMMIT,active,2015-05-01 17:22:18.383238+01
1430497338.3833,dbt2,20692,10,mark,dbt2-client,,-1,2015-05-01 17:15:17.526251+01,2015-05-01 17:22:18.362447+01,2015-05-01 17:22:18.362616+01,t,"SELECT payment(1, 5, 0, 1, 5, 'BAROUGHTESE', 4076.400000)",active,2015-05-01 17:22:18.362617+01
1430497338.3833,dbt2,20694,10,mark,dbt2-client,,-1,2015-05-01 17:15:17.62634+01,2015-05-01 17:22:18.380775+01,2015-05-01 17:22:18.381066+01,t,FETCH ALL IN mycursor,active,2015-05-01 17:22:18.381067+01
1430497338.3833,dbt2,20696,10,mark,dbt2-client,,-1,2015-05-01 17:15:17.726446+01,,2015-05-01 17:22:18.380245+01,f,COMMIT,idle,2015-05-01 17:22:18.382746+01
1430497338.3833,dbt2,20698,10,mark,dbt2-client,,-1,2015-05-01 17:15:17.826891+01,2015-05-01 17:22:18.360017+01,2015-05-01 17:22:18.383268+01,f,COMMIT,active,2015-05-01 17:22:18.383268+01
1430497338.3833,dbt2,20700,10,mark,dbt2-client,,-1,2015-05-01 17:15:17.927005+01,2015-05-01 17:22:18.38079+01,2015-05-01 17:22:18.380832+01,t,"SELECT payment(1, 1, 2021, 1, 1, '', 3594.800000)",active,2015-05-01 17:22:18.380833+01
1430497338.3833,dbt2,20702,10,mark,dbt2-client,,-1,2015-05-01 17:15:18.027123+01,2015-05-01 17:22:18.372032+01,2015-05-01 17:22:18.373298+01,t,"SELECT payment(1, 1, 0, 1, 1, 'CALLYANTIABLE', 3820.550000)",active,2015-05-01 17:22:18.373299+01
1430497338.3833,dbt2,21039,10,mark,psql,,-1,2015-05-01 17:22:18.367328+01,2015-05-01 17:22:18.373666+01,2015-05-01 17:22:18.373666+01,f,"COPY (SELECT EXTRACT(EPOCH FROM TRANSACTION_TIMESTAMP()) AS ctime, a.schemaname, a.relname, seq_scan, seq_tup_read, idx_scan, idx_tup_fetch, n_tup_ins, n_tup_upd, n_tup_del, n_tup_hot_upd, n_live_tup, n_dead_tup, heap_blks_read, heap_blks_hit, idx_blks_read, idx_blks_hit, toast_blks_read, toast_blks_hit, tidx_blks_read, tidx_blks_hit FROM pg_statio_all_tables a, pg_stat_all_tables b WHERE a.relid = b.relid) TO STDOUT (FORMAT CSV);",active,2015-05-01 17:22:18.373674+01
1430497338.3833,dbt2,21038,10,mark,psql,,-1,2015-05-01 17:22:18.368444+01,2015-05-01 17:22:18.374785+01,2015-05-01 17:22:18.374785+01,f,"COPY (SELECT EXTRACT(EPOCH FROM TRANSACTION_TIMESTAMP()) AS ctime, a.schemaname, a.relname, a.indexrelname, idx_scan, idx_tup_read, idx_tup_fetch, idx_blks_read, idx_blks_hit FROM pg_stat_all_indexes a, pg_statio_all_indexes b WHERE a.indexrelid = b.indexrelid) TO STDOUT (FORMAT CSV);",active,2015-05-01 17:22:18.37479+01
1430497338.3833,dbt2,21042,10,mark,psql,,-1,2015-05-01 17:22:18.3733+01,2015-05-01 17:22:18.383255+01,2015-05-01 17:22:18.383255+01,f,"COPY (SELECT EXTRACT(EPOCH FROM TRANSACTION_TIMESTAMP()) AS ctime, relname, pid, mode, granted FROM pg_locks, pg_class WHERE relfilenode = relation ORDER BY relname) TO STDOUT (FORMAT CSV);",active,2015-05-01 17:22:18.383265+01
1430497338.3833,dbt2,21041,10,mark,psql,,-1,2015-05-01 17:22:18.380416+01,2015-05-01 17:22:18.383297+01,2015-05-01 17:22:18.383297+01,f,"COPY (SELECT EXTRACT(EPOCH FROM TRANSACTION_TIMESTAMP()) AS ctime, datname, pid, usesysid, usename, application_name, client_addr, client_port, backend_start, xact_start, query_start, waiting, query , state, state_change FROM pg_stat_activity) TO STDOUT (FORMAT CSV);",active,2015-05-01 17:22:18.383304+01
1430497398.38103,dbt2,20681,10,mark,dbt2-client,,-1,2015-05-01 17:15:17.125895+01,,2015-05-01 17:23:18.380594+01,f,COMMIT,idle,2015-05-01 17:23:18.380905+01
1430497398.38103,dbt2,20685,10,mark,dbt2-client,,-1,2015-05-01 17:15:17.225853+01,2015-05-01 17:23:18.371201+01,2015-05-01 17:23:18.371363+01,t,FETCH ALL IN mycursor,active,2015-05-01 17:23:18.371364+01
1430497398.38103,dbt2,20687,10,mark,dbt2-client,,-1,2015-05-01 17:15:17.325992+01,2015-05-01 17:23:18.380669+01,2015-05-01 17:23:18.380694+01,t,"SELECT payment(1, 2, 0, 1, 2, 'BAROUGHTOUGHT', 2941.120000)",active,2015-05-01 17:23:18.380694+01
1430497398.38103,dbt2,20690,10,mark,dbt2-client,,-1,2015-05-01 17:15:17.426121+01,,2015-05-01 17:23:18.380848+01,f,COMMIT,idle,2015-05-01 17:23:18.382538+01
1430497398.38103,dbt2,20692,10,mark,dbt2-client,,-1,2015-05-01 17:15:17.526251+01,2015-05-01 17:23:18.374036+01,2015-05-01 17:23:18.374059+01,t,"SELECT payment(1, 6, 1975, 1, 6, '', 3829.850000)",active,2015-05-01 17:23:18.374059+01
1430497398.38103,dbt2,20694,10,mark,dbt2-client,,-1,2015-05-01 17:15:17.62634+01,2015-05-01 17:23:18.371623+01,2015-05-01 17:23:18.373862+01,f,FETCH ALL IN mycursor,idle in transaction,2015-05-01 17:23:18.382458+01
1430497398.38103,dbt2,20696,10,mark,dbt2-client,,-1,2015-05-01 17:15:17.726446+01,2015-05-01 17:23:18.35612+01,2015-05-01 17:23:18.356144+01,f,"SELECT payment(1, 10, 958, 1, 5, '', 588.850000)",active,2015-05-01 17:23:18.356144+01
1430497398.38103,dbt2,20698,10,mark,dbt2-client,,-1,2015-05-01 17:15:17.826891+01,,2015-05-01 17:23:18.380858+01,f,COMMIT,idle,2015-05-01 17:23:18.382556+01
1430497398.38103,dbt2,20700,10,mark,dbt2-client,,-1,2015-05-01 17:15:17.927005+01,2015-05-01 17:23:18.364079+01,2015-05-01 17:23:18.364243+01,t,"SELECT payment(1, 10, 0, 1, 10, 'ANTIESEATION', 1116.700000)",active,2015-05-01 17:23:18.364243+01
1430497398.38103,dbt2,20702,10,mark,dbt2-client,,-1,2015-05-01 17:15:18.027123+01,2015-05-01 17:23:18.366841+01,2015-05-01 17:23:18.366871+01,t,"SELECT payment(1, 8, 0, 1, 8, 'ANTIABLEPRI', 767.910000)",active,2015-05-01 17:23:18.366871+01
1430497398.38103,dbt2,21066,10,mark,psql,,-1,2015-05-01 17:23:18.367429+01,2015-05-01 17:23:18.374231+01,2015-05-01 17:23:18.374231+01,f,"COPY (SELECT EXTRACT(EPOCH FROM TRANSACTION_TIMESTAMP()) AS ctime, a.schemaname, a.relname, seq_scan, seq_tup_read, idx_scan, idx_tup_fetch, n_tup_ins, n_tup_upd, n_tup_del, n_tup_hot_upd, n_live_tup, n_dead_tup, heap_blks_read, heap_blks_hit, idx_blks_read, idx_blks_hit, toast_blks_read, toast_blks_hit, tidx_blks_read, tidx_blks_hit FROM pg_statio_all_tables a, pg_stat_all_tables b WHERE a.relid = b.relid) TO STDOUT (FORMAT CSV);",active,2015-05-01 17:23:18.37424+01
1430497398.38103,dbt2,21067,10,mark,psql,,-1,2015-05-01 17:23:18.374946+01,,2015-05-01 17:23:18.378689+01,f,"COPY (SELECT EXTRACT(EPOCH FROM TRANSACTION_TIMESTAMP()) AS ctime, relname, pid, mode, granted FROM pg_locks, pg_class WHERE relfilenode = relation ORDER BY relname) TO STDOUT (FORMAT CSV);",idle,2015-05-01 17:23:18.381016+01
1430497398.38103,dbt2,21068,10,mark,psql,,-1,2015-05-01 17:23:18.376744+01,2015-05-01 17:23:18.381033+01,2015-05-01 17:23:18.381033+01,f,"COPY (SELECT EXTRACT(EPOCH FROM TRANSACTION_TIMESTAMP()) AS ctime, datname, pid, usesysid, usename, application_name, client_addr, client_port, backend_start, xact_start, query_start, waiting, query , state, state_change FROM pg_stat_activity) TO STDOUT (FORMAT CSV);",active,2015-05-01 17:23:18.38104+01
1430497458.39394,dbt2,20681,10,mark,dbt2-client,,-1,2015-05-01 17:15:17.125895+01,2015-05-01 17:24:18.389031+01,2015-05-01 17:24:18.390617+01,t,FETCH ALL IN mycursor,active,2015-05-01 17:24:18.390618+01
1430497458.39394,dbt2,20685,10,mark,dbt2-client,,-1,2015-05-01 17:15:17.225853+01,2015-05-01 17:24:18.388822+01,2015-05-01 17:24:18.391019+01,f,FETCH ALL IN mycursor,idle in transaction,2015-05-01 17:24:18.391937+01
1430497458.39394,dbt2,20687,10,mark,dbt2-client,,-1,2015-05-01 17:15:17.325992+01,2015-05-01 17:24:18.363532+01,2015-05-01 17:24:18.363553+01,t,"SELECT payment(1, 7, 0, 1, 7, 'ESEBARESE', 4806.280000)",active,2015-05-01 17:24:18.363553+01
1430497458.39394,dbt2,20690,10,mark,dbt2-client,,-1,2015-05-01 17:15:17.426121+01,2015-05-01 17:24:18.390464+01,2015-05-01 17:24:18.390617+01,t,FETCH ALL IN mycursor,active,2015-05-01 17:24:18.390617+01
1430497458.39394,dbt2,20692,10,mark,dbt2-client,,-1,2015-05-01 17:15:17.526251+01,2015-05-01 17:24:18.364664+01,2015-05-01 17:24:18.364688+01,t,"SELECT payment(1, 7, 0, 1, 7, 'ANTIEINGEING', 1452.360000)",active,2015-05-01 17:24:18.364689+01
1430497458.39394,dbt2,20694,10,mark,dbt2-client,,-1,2015-05-01 17:15:17.62634+01,2015-05-01 17:24:18.388885+01,2015-05-01 17:24:18.389376+01,f,FETCH ALL IN mycursor,idle in transaction,2015-05-01 17:24:18.390606+01
1430497458.39394,dbt2,20696,10,mark,dbt2-client,,-1,2015-05-01 17:15:17.726446+01,2015-05-01 17:24:18.379238+01,2015-05-01 17:24:18.379262+01,t,"SELECT payment(1, 4, 1024, 1, 7, '', 2975.430000)",active,2015-05-01 17:24:18.379262+01
1430497458.39394,dbt2,20698,10,mark,dbt2-client,,-1,2015-05-01 17:15:17.826891+01,2015-05-01 17:24:18.388803+01,2015-05-01 17:24:18.388898+01,t,"SELECT payment(1, 10, 0, 1, 10, 'PRESPRESCALLY', 3202.930000)",active,2015-05-01 17:24:18.388898+01
1430497458.39394,dbt2,20700,10,mark,dbt2-client,,-1,2015-05-01 17:15:17.927005+01,2015-05-01 17:24:18.379084+01,2015-05-01 17:24:18.391948+01,f,COMMIT,active,2015-05-01 17:24:18.391949+01
1430497458.39394,dbt2,20702,10,mark,dbt2-client,,-1,2015-05-01 17:15:18.027123+01,2015-05-01 17:24:18.379069+01,2015-05-01 17:24:18.37912+01,t,"SELECT payment(1, 8, 0, 1, 8, 'ESEESEATION', 3638.870000)",active,2015-05-01 17:24:18.37912+01
1430497458.39394,dbt2,21094,10,mark,psql,,-1,2015-05-01 17:24:18.381736+01,2015-05-01 17:24:18.383559+01,2015-05-01 17:24:18.383559+01,f,"COPY (SELECT EXTRACT(EPOCH FROM TRANSACTION_TIMESTAMP()) AS ctime, a.schemaname, a.relname, a.indexrelname, idx_scan, idx_tup_read, idx_tup_fetch, idx_blks_read, idx_blks_hit FROM pg_stat_all_indexes a, pg_statio_all_indexes b WHERE a.indexrelid = b.indexrelid) TO STDOUT (FORMAT CSV);",active,2015-05-01 17:24:18.383566+01
1430497458.39394,dbt2,21098,10,mark,psql,,-1,2015-05-01 17:24:18.386448+01,2015-05-01 17:24:18.388259+01,2015-05-01 17:24:18.388259+01,f,"COPY (SELECT EXTRACT(EPOCH FROM TRANSACTION_TIMESTAMP()) AS ctime, a.schemaname, a.relname, seq_scan, seq_tup_read, idx_scan, idx_tup_fetch, n_tup_ins, n_tup_upd, n_tup_del, n_tup_hot_upd, n_live_tup, n_dead_tup, heap_blks_read, heap_blks_hit, idx_blks_read, idx_blks_hit, toast_blks_read, toast_blks_hit, tidx_blks_read, tidx_blks_hit FROM pg_statio_all_tables a, pg_stat_all_tables b WHERE a.relid = b.relid) TO STDOUT (FORMAT CSV);",active,2015-05-01 17:24:18.388266+01
1430497458.39394,dbt2,21095,10,mark,psql,,-1,2015-05-01 17:24:18.390845+01,2015-05-01 17:24:18.393942+01,2015-05-01 17:24:18.393942+01,f,"COPY (SELECT EXTRACT(EPOCH FROM TRANSACTION_TIMESTAMP()) AS ctime, datname, pid, usesysid, usename, application_name, client_addr, client_port, backend_start, xact_start, query_start, waiting, query , state, state_change FROM pg_stat_activity) TO STDOUT (FORMAT CSV);",active,2015-05-01 17:24:18.393948+01
1430497458.39394,dbt2,21096,10,mark,psql,,-1,2015-05-01 17:24:18.392483+01,,,f,"",idle,2015-05-01 17:24:18.393868+01
1430497518.38826,dbt2,20681,10,mark,dbt2-client,,-1,2015-05-01 17:15:17.125895+01,,2015-05-01 17:25:18.004896+01,f,COMMIT,idle,2015-05-01 17:25:18.005208+01
1430497518.38826,dbt2,20685,10,mark,dbt2-client,,-1,2015-05-01 17:15:17.225853+01,,2015-05-01 17:25:18.003116+01,f,COMMIT,idle,2015-05-01 17:25:18.003407+01
1430497518.38826,dbt2,20687,10,mark,dbt2-client,,-1,2015-05-01 17:15:17.325992+01,,2015-05-01 17:25:18.006211+01,f,COMMIT,idle,2015-05-01 17:25:18.006487+01
1430497518.38826,dbt2,20690,10,mark,dbt2-client,,-1,2015-05-01 17:15:17.426121+01,,2015-05-01 17:25:18.00256+01,f,COMMIT,idle,2015-05-01 17:25:18.002918+01
1430497518.38826,dbt2,20692,10,mark,dbt2-client,,-1,2015-05-01 17:15:17.526251+01,,2015-05-01 17:25:18.00371+01,f,COMMIT,idle,2015-05-01 17:25:18.004054+01
1430497518.38826,dbt2,20694,10,mark,dbt2-client,,-1,2015-05-01 17:15:17.62634+01,,2015-05-01 17:25:18.005524+01,f,COMMIT,idle,2015-05-01 17:25:18.005943+01
1430497518.38826,dbt2,20696,10,mark,dbt2-client,,-1,2015-05-01 17:15:17.726446+01,,2015-05-01 17:25:17.999837+01,f,COMMIT,idle,2015-05-01 17:25:18.000539+01
1430497518.38826,dbt2,20698,10,mark,dbt2-client,,-1,2015-05-01 17:15:17.826891+01,,2015-05-01 17:25:18.000809+01,f,COMMIT,idle,2015-05-01 17:25:18.00115+01
1430497518.38826,dbt2,20700,10,mark,dbt2-client,,-1,2015-05-01 17:15:17.927005+01,,2015-05-01 17:25:18.004304+01,f,COMMIT,idle,2015-05-01 17:25:18.004588+01
1430497518.38826,dbt2,20702,10,mark,dbt2-client,,-1,2015-05-01 17:15:18.027123+01,,2015-05-01 17:25:17.999753+01,f,COMMIT,idle,2015-05-01 17:25:18.000083+01
1430497518.38826,dbt2,21122,10,mark,psql,,-1,2015-05-01 17:25:18.380035+01,2015-05-01 17:25:18.382954+01,2015-05-01 17:25:18.382954+01,f,"COPY (SELECT EXTRACT(EPOCH FROM TRANSACTION_TIMESTAMP()) AS ctime, a.schemaname, a.relname, seq_scan, seq_tup_read, idx_scan, idx_tup_fetch, n_tup_ins, n_tup_upd, n_tup_del, n_tup_hot_upd, n_live_tup, n_dead_tup, heap_blks_read, heap_blks_hit, idx_blks_read, idx_blks_hit, toast_blks_read, toast_blks_hit, tidx_blks_read, tidx_blks_hit FROM pg_statio_all_tables a, pg_stat_all_tables b WHERE a.relid = b.relid) TO STDOUT (FORMAT CSV);",active,2015-05-01 17:25:18.382961+01
1430497518.38826,dbt2,21125,10,mark,psql,,-1,2015-05-01 17:25:18.386995+01,2015-05-01 17:25:18.388261+01,2015-05-01 17:25:18.388261+01,f,"COPY (SELECT EXTRACT(EPOCH FROM TRANSACTION_TIMESTAMP()) AS ctime, datname, pid, usesysid, usename, application_name, client_addr, client_port, backend_start, xact_start, query_start, waiting, query , state, state_change FROM pg_stat_activity) TO STDOUT (FORMAT CSV);",active,2015-05-01 17:25:18.388266+01
1430497518.38826,dbt2,21124,10,mark,psql,,-1,2015-05-01 17:25:18.388056+01,2015-05-01 17:25:18.389416+01,2015-05-01 17:25:18.389416+01,f,"COPY (SELECT EXTRACT(EPOCH FROM TRANSACTION_TIMESTAMP()) AS ctime, datname, numbackends, xact_commit, xact_rollback, blks_read, blks_hit, tup_returned, tup_fetched, tup_inserted, tup_updated, tup_deleted FROM pg_stat_database) TO STDOUT (FORMAT CSV);",active,2015-05-01 17:25:18.389421+01
